ref,title,author,lastRunTime,totalVotes

jagangupta/time-series-basics-exploring-traditional-ts,Time series Basics : Exploring traditional TS ,Jagan,2018-03-02 18:21:54,1623

willkoehrsen/automated-feature-engineering-basics,Automated Feature Engineering Basics ,Will Koehrsen,2018-06-17 00:21:22,367

ryanholbrook/tfrecords-basics,TFRecords Basics,Ryan Holbrook,2020-10-01 19:45:48,125

aakashns/pytorch-basics-linear-regression-from-scratch,PyTorch basics - Linear Regression from scratch,Aakash N S,2019-01-22 19:34:30,168

isaienkov/genetic-algorithm-basics,Genetic Algorithm Basics,Kostiantyn Isaienkov,2019-12-01 13:45:37,85

akshayt19nayak/getting-started-image-processing-basics,Getting Started/Image Processing Basics,Akshay Nayak,2018-03-22 16:20:19,59

mmmarchetti/importing-and-basics,Importing and Basics,Marcos Martins Marchetti,2019-12-13 00:14:56,33

upadorprofzs/bayesian-learning-basics-tutorial,ðŸ§  Bayesian Learning Basics | Tutorial,MurilÃ£o,2020-07-21 10:27:33,222

ialimustufa/python-basics,Python Basics,Ali Mustufa Shaikh,2018-08-23 08:00:48,27

frankmollard/nlp-basics-tutorial,NLP Basics Tutorial,ðŸŒµ,2021-02-21 18:19:09,69

prashant111/keras-basics-for-beginners,Keras basics for beginners,Prashant Banerjee,2020-06-27 05:45:45,79

utkarshm25/data-preprocessing-basics,Data Preprocessing Basics,Utkarsh Sharma,2021-03-31 13:20:55,49

shtrausslearning/biopython-bioinformatics-basics,Biopython | Bioinformatics Basics,Andrey Shtrauss,2022-02-06 14:21:59,81

dansbecker/getting-started-with-sql-and-bigquery,Getting Started With SQL and BigQuery,DanB,2021-11-09 00:04:04,883

kanav0183/very-detailed-basics-of-nlp,Very detailed basics of NLP .,Kanav Anand,2018-07-29 03:56:10,47

konradb/practical-time-series-pt-1-the-basics,Practical time series -  pt 1: the basics,Konrad Banachewicz,2021-09-13 22:14:16,118

nulldata/intro-to-nlp-basics-with-spacy,Intro to NLP Basics with SpaCy,amrrs,2018-10-12 06:49:56,39

vbookshelf/basics-of-bert-and-xlm-roberta-pytorch,Basics of BERT and XLM-RoBERTa - PyTorch,Marsh,2020-08-19 06:43:11,57

ar2017/basics-of-feature-selection-with-python,Basics of Feature Selection with Python,AndikaRachman,2020-10-31 15:25:30,48

kanncaa1/pytorch-tutorial-for-deep-learning-lovers,Pytorch Tutorial for Deep Learning Lovers,DATAI,2020-04-06 13:29:40,1132

chetalitatvamasi/matplotlib-basics,Matplotlib Basics,Chetali Tatvamasi,2021-10-27 11:32:14,25

bulentsiyah/nlp-basics-nltk-skipgram-cbow-reg-exp-stemmer,NLP Basics (NLTK-SkipGram-CBOW-Reg.Exp.-Stemmer),Bulent Siyah,2020-05-17 19:36:26,65

devvindan/recommender-systems-basics,Recommender Systems Basics,Daniil Barysevich,2018-09-16 19:04:31,19

kanncaa1/data-sciencetutorial-for-beginners,Data ScienceTutorial for Beginners,DATAI,2020-05-19 00:29:44,5716

aggarwalrahul/dl-autoencoder-basics,DL-AUTOENCODER- BASICS,Rahul Aggarwal,2021-06-05 13:03:35,19

utkarshm25/pandas-basics,Pandas Basics,Utkarsh Sharma,2021-03-29 18:14:27,36

rohandx1996/tensorflow-basics-and-fundamentals,Tensorflow Basics and Fundamentals,rohan,2020-05-09 02:05:16,27

ayushsaklani/python-basics,Python Basics,Ayush Saklani,2019-02-11 11:53:28,8

ekrembayar/multivariate-statistics-basics-with-r,Multivariate Statistics Basics with R ,Ekrem Bayar,2019-08-12 08:13:51,42

rahulrky/python-basics,Python Basics,MoonRiver,2020-12-26 09:16:03,9

varunmarvah/loan-dataset-analysis-basics,Loan Dataset Analysis- Basics,Varun Marvah,2020-08-26 01:37:25,10

bsivavenu/basics-of-text-normalization-for-beginners,Basics of Text normalization for beginners,nikhil behra,2018-12-01 14:31:51,45

rahulsingh731/pytorch-basics,Pytorch Basics,Rahul Singh Maures,2020-08-15 14:30:09,15

kanncaa1/recurrent-neural-network-with-pytorch,Recurrent Neural Network with Pytorch,DATAI,2020-04-07 14:11:12,318

willkoehrsen/start-here-a-gentle-introduction,Start Here: A Gentle Introduction,Will Koehrsen,2018-08-25 02:00:07,3199

jessemostipak/dive-into-dplyr-tutorial-1,Dive into dplyr (tutorial #1),Jesse Mostipak,2020-10-14 15:40:50,741

anandsubbu007/pytorch-basics-tutorial-1,Pytorch Basics Tutorial - 1,Anand Subbu,2020-04-18 09:03:55,19

mpware/n-beats-basics,N-BEATS Basics,MPWARE,2020-06-08 12:30:30,10

archaizzard/simple-basics-of-nmr,Simple Basics of NMR,Andrei Kulchik,2019-07-11 11:07:12,55

rtatman/sql-scavenger-hunt-day-1,SQL Scavenger Hunt: Day 1,Rachael Tatman,2018-02-12 19:25:05,305

ravann/kaggle-markdown-language-basics,Kaggle Markdown Language - Basics,Ravan Nannapaneni,2018-10-06 00:23:39,5

amniskin/eda-basics,EDA-Basics,amniskin,2019-09-02 23:21:25,11

feritebrargrler/data-analysis-basics,Data Analysis Basics ,Ferit Ebrar GÃ¼rler,2020-05-12 11:35:59,17

aaronsantos/basics,Basics,Aaron Santos,2018-03-29 04:21:17,7

aggarwalrahul/dl-intro-to-nn-tensorflow-basics,DL-INTRO TO NN-TensorFlow Basics,Rahul Aggarwal,2021-05-23 12:10:41,17

aggarwalrahul/dl-intro-to-cnn-basics-and-mnist,DL-INTRO TO CNN-BASICS AND MNIST,Rahul Aggarwal,2021-05-29 16:47:41,16

kaanboke/ml-basics-linear-algorithms,ML Basics - LINEAR ALGORITHMS,Kaan BOKE,2021-07-31 12:10:49,47

changed4life/learn-the-basics,Learn the Basics,Bryan Bunker,2019-11-21 23:07:36,3

amarpreetsingh/ml-basics,Ml Basics,Amarpreet Singh,2017-12-27 09:49:43,11

utkarshm25/numpy-basics,NumPy Basics,Utkarsh Sharma,2021-03-29 18:05:14,28

[0m